--
-- ADD PAYMENT METHODS
--

INSERT INTO payment_methods (code, name) VALUES
('CASH', 'Cash'),
('CHEQ', 'Cheque'),
('EFTR', 'EFT');


--
-- ADD PAYMENT PERIOD TYPES
--

INSERT INTO payment_period_types (code, name) VALUES
('WEEK', 'Weekly'),
('BWEE', 'Biweekly'),
('MONT', 'Monthly');


--
-- ADD ETI STATUS TYPES
--

INSERT INTO eti_status_types (code, name) VALUES
('ELEG', 'Eligible'),
('DISQ', 'Disqualified'),
('SCNE', 'SIC code not eligible'),
('GOVE', 'Government'),
('MUNI', 'Municipality'),
('NRFP', 'Not registered for PAYE'),
('PENT', 'Public Entity');


--
-- ADD SPECIAL ECONOMIC ZONES
--

INSERT INTO special_economic_zones (code, name) VALUES
('COE', 'Coega'),
('DTP', 'Dube Trade Port'),
('EAL', 'East London'),
('MAP', 'Maluti-a-Phofung'),
('RIB', 'Richards Bay'),
('SLB', 'Saldanha Bay');


--
-- ADD TITLE TYPES
--

INSERT INTO title_types VALUES
('MIST', 'Mr'),
('MISS', 'Miss'),
('MISI', 'Mrs'),
('MISX', 'Ms'),
('ADVO', 'Adv'),
('DOCT', 'Dr'),
('PROF', 'Prof');


--
-- ADD PAYSLIP ITEM UNITS
--

INSERT INTO payslip_item_units (code, name) VALUES
('FIXE', 'Fixed'),
('PDAY', 'Per Day'),
('PHOU', 'Per Hour'),
('PKIL', 'Per Kilometer'),
('PERC', 'Percent');


--
-- ADD PAYSLIP CATEGORIES UNITS
--

INSERT INTO payslip_categories (code, name) VALUES
('INCO', 'Income'),
('DEDU', 'Deductions'),
('CONT', 'Company Contributions'),
('FBEN', 'Fringe Benefits'),
('ALLO', 'Allowances');


--
-- ADD PAYSLIP ITEMS
--

INSERT INTO payslip_item_types (code, name, payslip_category_code, payslip_item_unit_code, is_once_off, auto_calculate, default_amount, is_enabled) VALUES
('1000', 'Salary', 'INCO', 'FIXE', FALSE, FALSE, NULL, TRUE),
('1001', 'Hourly Wage', 'INCO', 'PHOU', FALSE, FALSE, NULL, TRUE),
('1002', 'Daily Wage', 'INCO', 'PDAY', FALSE, FALSE, NULL, TRUE),
('1003', 'Commission', 'INCO', 'FIXE', FALSE, FALSE, NULL, TRUE),
('1004', 'Annual Payment', 'INCO', 'FIXE', TRUE, FALSE, NULL, TRUE),

('2000', 'PAYE', 'DEDU', 'FIXE', FALSE, TRUE, NULL, TRUE),
('2001', 'PAYE Over Deduction', 'DEDU', 'FIXE', FALSE, FALSE, NULL, TRUE),
('2002', 'Employee UIF Contribution', 'DEDU', 'PERC', FALSE, TRUE, NULL, TRUE),
('2003', 'Employee Medical Aid Contribution', 'DEDU', 'FIXE', FALSE, FALSE, NULL, TRUE),

('3001', 'Employer UIF Contribution', 'CONT', 'PERC', FALSE, TRUE, NULL, TRUE),
('3002', 'Skills Development Levy', 'CONT', 'PERC', FALSE, TRUE, NULL, TRUE),

('4000', 'Employer Medical Aid Contribution', 'FBEN', 'FIXE', FALSE, FALSE, NULL, TRUE),

('5000', 'Travelling Allowance', 'ALLO', 'FIXE', FALSE, FALSE, NULL, TRUE),
('5001', 'Re-imbursive Travel Allowance', 'ALLO', 'PKIL', FALSE, FALSE, NULL, TRUE),
('5002', 'Entertainment Allowance', 'ALLO', 'FIXE', FALSE, FALSE, NULL, TRUE),
('5003', 'Uniform Allowance', 'ALLO', 'FIXE', FALSE, FALSE, NULL, TRUE),
('5004', 'Computer Allowance', 'ALLO', 'FIXE', FALSE, FALSE, NULL, TRUE),
('5005', 'Telephone / Cellphone Allowance', 'ALLO', 'FIXE', FALSE, FALSE, NULL, TRUE);


--
-- ADD LEAVE INTERVAL TYPES
--

INSERT INTO leave_accrual_types(code, name) VALUES
('HWOR', 'Hours Worked'),
('DWOR', 'Days Worked'),
('PAYS', 'Payslip'),
('DCST', 'Day Cycle Start'),
('DCEN', 'Day Cycle End'),
('MCST', 'Month Cycle Start'),
('MCEN', 'Month Cycle End'),
('YCST', 'Year Cycle Start'),
('YCEN', 'Year Cycle End');


--
-- ADD LEAVE UNITS
--

INSERT INTO leave_units(code, name) VALUES
('DAYS', 'Days'),
('HOUR', 'Hours');


--
-- ADD LEAVE ACTIONS
--

INSERT INTO leave_actions (code, name) VALUES
('ADJU', 'Adjustment'),
('LEAR', 'Leave Earned'),
('LTAK', 'Leave Taken'),
('RESE', 'Reset');


--
-- ADD LEAVE SOURCE TYPES
--

INSERT INTO leave_source_types (code, name) VALUES
('MANU', 'Manual'),
('PAYS', 'Payslip'),
('WSCH', 'Work Schedule'),
('CYCL', 'Cycle');


--
-- ADD STANDARD INDUSTRY CLASSIFICATION
--

INSERT INTO sic_divisions (code, name) VALUES
('01', 'Crop and animal production, hunting and related service activities'),
('02', 'Forestry and logging'),
('03', 'Fishing and aquaculture'),
('05', 'Mining of coal and lignite'),
('06', 'Extraction of crude petroleum and natural gas'),
('07', 'Mining of metal ores'),
('08', 'Other mining and quarrying'),
('09', 'Mining support service activities'),
('10', 'Manufacturing of food products'),
('11', 'Manufacturing of beverages'),
('12', 'Manufacturing of tobacco products'),
('13', 'Manufacturing of textiles'),
('14', 'Manufacturing of wearing apparel'),
('15', 'Manufacturing of leather and related products'),
('16', 'Manufacturing of wood and product if wood or cork, except furniture; manufacte of articles of straw and plaiting materials'),
('17', 'Manufacturing of paper and paper products'),
('18', 'Printing and reproduction of recorded media'),
('19', 'Manufacture of cole and refined petroleum products'),
('20', 'Manufcature of chemicals and chemical products'),
('21', 'Manufacture of pharmaceuticals, medicinal chemical and botanical products'),
('22', 'Manufacture of rubber abd plastic products'),
('23', 'Manufacture of other non-metallic mineral products'),
('24', 'Manufacture of bastandard_industrial_classification metals'),
('25', 'Manufacture of fabricated metal products, except machinery and equipment'),
('26', 'Manufacturer of computer, electronic and optical products'),
('27', 'Manufacture of electrical equipment'),
('28', 'Manufacture of machinery and equipment n.e.c'),
('29', 'Manufacture of motor vehicles, trailer and semi-trailers'),
('30', 'Manufacture of other transport equipment'),
('31', 'Manufacture of furniture'),
('32', 'Other manufacturing'),
('33', 'Repair and installation of machinery and equipment'),
('35', 'Electricty, gas, steam, and air conditioning supply'),
('36', 'Water collection, treatment and supply'),
('37', 'Sewerage'),
('38', 'Waste collection, treatment and disposal activitites; materials recovery'),
('39', 'Remediation activities and other waste management services'),
('41', 'Construction of buildings'),
('42', 'Civil Engineering'),
('43', 'Specialised construction activities'),
('45', 'Wholesale and retail trade and repair of motor vehicles and motorcycles'),
('46', 'Wholesale trade, except of motor vehicles and motorcylcles'),
('47', 'Retail trade, except of motor vehicles and motorcyles'),
('49', 'Land transport abd transport via pipelines'),
('50', 'Water transport'),
('51', 'Air transport'),
('52', 'Warehousing and support activities for transportation'),
('53', 'Postal and courier activities'),
('55', 'Accommodation'),
('56', 'Food and beverage service activities'),
('58', 'Publishing activities'),
('59', 'Motion picture, video and television programme production, sound recording and mustandard_industrial_classification publishing activities'),
('60', 'Programming and broadcasting activities'),
('61', 'Telecommunications'),
('62', 'Computer programming, consultancy and related activities'),
('63', 'Information service activities'),
('64', 'Financial service activities, except insurance and pension funding'),
('65', 'Insurance, reinsurance and pension funding, except compulsory social security'),
('66', 'Activities auxiliary to financial service and insurance activities'),
('68', 'Real estate activities'),
('69', 'Legal and accounting activities'),
('70', 'Activities of head offices; management consultancy activities'),
('71', 'Architectural and engineering activities; technical testing and analysis'),
('72', 'Scientific research and development'),
('73', 'Advertising and market research'),
('74', 'Other professional, scientific and technical activities'),
('75', 'Veterinary activities'),
('77', 'Rental and leasing activities'),
('78', 'Employment activities'),
('79', 'Travel agency, tour operator, reservation service and related activities'),
('80', 'Security and investigation activities'),
('81', 'Services to buildings and landscape activities'),
('82', 'Office administrative, office support and other business support activities'),
('84', 'Public administration and defence; compulsory social security'),
('85', 'Education'),
('86', 'Human health activities'),
('87', 'Residential care activities'),
('88', 'Social work activities without accommodation'),
('90', 'Creative, arts and entertainment activities'),
('91', 'Libraries, archives, museums and other cultural activities'),
('92', 'Gambling and betting activities'),
('93', 'Sports activities and amusement and recreation activities'),
('94', 'Activities of membership organizations'),
('95', 'Repair of computers and personal and household goods'),
('96', 'Other personal service activities'),
('97', 'Activities of households as employers of domestic personnel'),
('98', 'Undifferentiated goods- and services-producing activities of private households for own use'),
('99', 'Activities of extraterritorial organizations and bodies, not economically active, people, unemployed people etc.');

INSERT INTO sic_codes (code, name, sic_division_code, excluded_from_eti) VALUES
('03210', 'Marine aquaculture', '03', false),
('37000', 'Sewerage', '37', false),
('03220', 'Freshwater aquaculture', '03', false),
('01120', 'Growing of rice', '01', false),
('01130', 'Growing of vegetables and melons,  roots and tubers', '01', false),
('01140', 'Growing of sugar cane', '01', false),
('01150', 'Growing of tobacco', '01', false),
('01110', 'Growing of cereals (except rice),  leguminous crops and oil seeds', '01', false),
('01160', 'Growing of fibre crops', '01', false),
('01190', 'Growing of other non-perennial crops', '01', false),
('01210', 'Growing of grapes', '01', false),
('01220', 'Growing of tropical and subtropical fruits', '01', false),
('01230', 'Growing of citrus fruits', '01', false),
('01240', 'Growing of pome fruits and stone fruits', '01', false),
('01250', 'Growing of other tree and bush fruits and nuts', '01', false),
('01260', 'Growing of oleaginous fruits', '01', false),
('01270', 'Growing of beverage crops', '01', false),
('01280', 'Growing of spices,  aromatic,  drug and pharmaceutical crops', '01', false),
('01290', 'Growing of other perennial crops', '01', false),
('01300', 'Plant propagation', '01', false),
('01410', 'Raising of cattle and buffaloes', '01', false),
('01420', 'Raising of horses and other equines', '01', false),
('01430', 'Raising of camels and camelids', '01', false),
('01440', 'Raising of sheep and goats', '01', false),
('01450', 'Raising of swine/pigs', '01', false),
('01460', 'Raising of poultry', '01', false),
('01490', 'Raising of other animals', '01', false),
('01500', 'Mixed farming', '01', false),
('01610', 'Support activities for crop production', '01', false),
('01620', 'Support activities for animal production', '01', false),
('01630', 'Post-harvest crop activities', '01', false),
('01640', 'Seed processing for propagation', '01', false),
('01700', 'Hunting,  trapping and related service activities', '01', false),
('02100', 'Silviculture and other forestry activities', '02', false),
('02200', 'Logging', '02', false),
('02300', 'Gathering of non-wood forest products', '02', false),
('02400', 'Support services to forestry', '02', false),
('03110', 'Marine fishing', '03', false),
('03120', 'Freshwater fishing', '03', false),
('05100', 'Mining of hard coal', '05', false),
('05200', 'Mining of lignite', '05', false),
('06100', 'Extraction of crude petroleum', '06', false),
('06200', 'Extraction of natural gas', '06', false),
('07100', 'Mining of iron ores', '07', false),
('07210', 'Mining of uranium and thorium ores', '07', false),
('07291', 'Mining of gold', '07', false),
('07292', 'Mining of chrome', '07', false),
('07293', 'Mining of copper', '07', false),
('07294', 'Mining of manganese', '07', false),
('07295', 'Mining of platinum group metals', '07', false),
('07299', 'Other mining of non-ferrous metal ores n.e.c.', '07', false),
('08101', 'Quarrying of dimension stone', '08', false),
('08102', 'Quarrying of limestone and limeworks', '08', false),
('08109', 'Other quarrying of stone,  sand and clay', '08', false),
('08911', 'Mining of phosphates', '08', false),
('08919', 'Other mining of chemical and fertilizer minerals', '08', false),
('08920', 'Extraction of peat', '08', false),
('08930', 'Extraction of salt', '08', false),
('08991', 'Mining of diamonds', '08', false),
('08992', 'Mining of precious and semi-precious stones,  except diamonds', '08', false),
('08999', 'Other mining and quarrying n.e.c.', '08', false),
('09100', 'Support activities for petroleum and natural gas extraction', '09', false),
('09901', 'Service activities incidental to mining of minerals on a fee or contract basis', '09', false),
('09909', 'Other support activities for other mining and quarrying n.e.c.', '09', false),
('10101', 'Slaughtering,  dressing and packing of livestock,  including poultry and small game for meat', '10', false),
('10102', 'Manufacture of prepared and preserved meat,  including sausage,  by-products (hides,  bones,  etc.)', '10', false),
('10103', 'Production of lard and other edible fats', '10', false),
('10109', 'Other processing and preserving of meat', '10', false),
('10200', 'Processing and preserving of fish,  crustaceans and molluscs', '10', false),
('10300', 'Processing and preserving of fruit and vegetables', '10', false),
('10401', 'Manufacture of crude oil and oilseed cake and meal', '10', false),
('10402', 'Manufacture of compound cooking fats,  margarine and edible oils', '10', false),
('10501', 'Processing of fresh milk', '10', false),
('10502', 'Manufacture of butter and cheese', '10', false),
('10503', 'Manufacture of ice cream and other edible ice (whether or not containing cream or chocolate)', '10', false),
('10504', 'Manufacture of milk powder,  condensed milk and other edible milk products,  e.g. ghee,  casein or lactose', '10', false),
('10611', 'Manufacture of flour and grain mill products,  including rice and vegetable milling,  grain mill residues', '10', false),
('10612', 'Manufacture of breakfast foods', '10', false),
('10620', 'Manufacture of starches and starch products', '10', false),
('10710', 'Manufacture of bakery products', '10', false),
('10720', 'Manufacture of sugar', '10', false),
('10730', 'Manufacture of cocoa,  chocolate and sugar confectionery', '10', false),
('10740', 'Manufacture of macaroni,  noodles,  couscous and similar farinaceous products', '10', false),
('10750', 'Manufacture of prepared meals and dishes', '10', false),
('10791', 'Manufacture of coffee,  coffee substitutes and tea', '10', false),
('10792', 'Manufacture of nut foods', '10', false),
('10799', 'Manufacture of spices,  condiments,  vinegar,  yeast,  egg products,  soups and other food', '10', false),
('10800', 'Manufacture of prepared animal feeds', '10', false),
('11010', 'Distilling,  rectifying and blending of spirits', '11', false),
('11020', 'Manufacture of wines', '11', false),
('11031', 'Manufacture of malt liquors such as beer,  ale,  porter and stout', '11', false),
('11032', 'Manufacture of sorghum beer', '11', false),
('11033', 'Manufacture of malt', '11', false),
('11040', 'Manufacture of soft drinks,  production of mineral waters and other bottled waters', '11', false),
('12000', 'Manufacture of tobacco products', '12', false),
('13111', 'Preparatory activities in respect of animal fibres,  including washing,  combing and', '13', false),
('13112', 'Preparatory activities in respect of vegetable fibres', '13', false),
('13119', 'Other preparation and spinning of textile fibres', '13', false),
('13120', 'Weaving of textiles', '13', false),
('13130', 'Finishing of textiles', '13', false),
('13910', 'Manufacture of knitted and crocheted fabrics', '13', false),
('13921', 'Manufacture of blankets,  made-up furnishing articles and stuffed articles', '13', false),
('13922', 'Manufacture of tents,  tarpaulins,  sails and other canvas goods and car seat covers', '13', false),
('13930', 'Manufacture of carpets and rugs', '13', false),
('13940', 'Manufacture of cordage,  rope,  twine and netting', '13', false),
('13990', 'Manufacture of other textiles n.e.c.', '13', false),
('14100', 'Manufacturing of wearing apparel,  except fur apparel', '14', false),
('14200', 'Manufacture of articles of fur', '14', false),
('14300', 'Manufacture of knitted and crocheted apparel', '14', false),
('15110', 'Tanning and dressing of leather,  dressing and dyeing of fur', '15', false),
('15120', 'Manufacture of luggage,  handbags and the like,  saddlery and harness', '15', false),
('15200', 'Manufacture of footwear', '15', false),
('16100', 'Sawmilling and planning of wood', '16', false),
('16210', 'Manufacture of veneer sheets and wood-based panels', '16', false),
('16220', 'Manufacture of builders’ carpentry and joinery', '16', false),
('16230', 'Manufacture of wooden containers', '16', false),
('16291', 'Manufacture of other products of wood', '16', false),
('16292', 'Manufacturing of other articles of cork,  straw and plaiting materials,  including', '16', false),
('17010', 'Manufacture of pulp,  paper and paperboard', '17', false),
('17021', 'Manufacture of corrugated paper and paperboard', '17', false),
('17022', 'Manufacture of containers of paper and paperboard', '17', false),
('17090', 'Manufacture of other articles of paper and paperboard', '17', false),
('18110', 'Printing', '18', false),
('18120', 'Service activities related to printing', '18', false),
('18200', 'Reproduction of recorded media', '18', false),
('19100', 'Manufacture of coke oven products', '19', false),
('19200', 'Manufacture of refined petroleum products', '19', false),
('20110', 'Manufacture of bastandard_industrial_classification chemicals', '20', false),
('20120', 'Manufacture of fertilizers and nitrogen compounds', '20', false),
('20130', 'Manufacture of plastics and synthetic rubber in primary forms', '20', false),
('20210', 'Manufacture of pesticides and other agrochemical products', '20', false),
('20220', 'Manufacture of paints,  varnishes and similar coatings,  printing ink and mastics', '20', false),
('20230', 'Manufacture of soap and detergents,  cleaning and polishing preparations,  perfumes and toilet preparations', '20', false),
('20291', 'Manufacture of explosives and pyrotechnic products', '20', false),
('20292', 'Manufacture of adhesives,  glues,  sizes and cements', '20', false),
('20299', 'Manufacture of other chemical products n.e.c.', '20', false),
('20300', 'Manufacture of man-made fibres', '20', false),
('21000', 'Manufacture of pharmaceuticals,  medicinal chemical and botanical products', '21', false),
('22110', 'Manufacture of rubber tyres and tubes,  retreading and rebuilding of rubber tyres', '22', false),
('22190', 'Manufacture of other rubber products', '22', false),
('22200', 'Manufacture of plastic products', '22', false),
('23100', 'Manufacture of glass and glass products', '23', false),
('23910', 'Manufacture of refractory products', '23', false),
('23920', 'Manufacture of clay building materials', '23', false),
('23930', 'Manufacture of other porcelain and ceramic products', '23', false),
('23940', 'Manufacture of cement,  lime and plaster', '23', false),
('23950', 'Manufacture of articles of concrete,  cement and plaster', '23', false),
('23960', 'Cutting,  shaping and finishing of stone', '23', false),
('23990', 'Manufacture of other non-metallic mineral products n.e.c.', '23', false),
('24101', 'Bastandard_industrial_classification iron and steel industries,  except steel pipe and tube mills', '24', false),
('24102', 'Steel pipe and tube mills', '24', false),
('24201', 'Refining of precious metals,  e.g. gold,  silver d platinum', '24', false),
('24202', 'Manufacture of primary non-ferrous metal products,  excluding precious metals', '24', false),
('24310', 'Casting of iron and steel', '24', false),
('24320', 'Casting of non-ferrous metals', '24', false),
('25111', 'Manufacture of metal structures or parts thereof', '25', false),
('25119', 'Manufacture of other structural metal products,  e.g. metal doors,  windows and gates', '25', false),
('25120', 'Manufacture of tanks,  reservoirs and containers of metal', '25', false),
('25130', 'Manufacture of steam generators,  except central heating hot water boilers', '25', false),
('25200', 'Manufacture of weapons and ammunition', '25', false),
('25910', 'Forging,  pressing,  stamping and roll-forming of metal,  powder metallurgy', '25', false),
('25921', 'Treating and coating of metals', '25', false),
('25922', 'General mechanical engineering on a fee or contract basis', '25', false),
('25930', 'Manufacture of cutlery,  hand tools and general hardware', '25', false),
('25991', 'Manufacture of metal containers,  e.g. cans and tins', '25', false),
('25992', 'Manufacture of cables and wire products', '25', false),
('25993', 'Manufacture of springs (all types)', '25', false),
('25994', 'Manufacture of metal fasteners', '25', false),
('25999', 'Other Manufacture of other fabricated metal products n.e.c.', '25', false),
('26100', 'Manufacture of electronic components and boards', '26', false),
('26200', 'Manufacture of computers and peripheral equipment', '26', false),
('26300', 'Manufacture of communication equipment', '26', false),
('26400', 'Manufacture of consumer electronics', '26', false),
('26510', 'Manufacture of measuring,  testing,  navigating and control equipment', '26', false),
('26520', 'Manufacture of watches and clocks', '26', false),
('26600', 'Manufacture of irradiation,  electro medical and electrotherapeutic equipment', '26', false),
('26700', 'Manufacture of optical instruments and photographic equipment', '26', false),
('26800', 'Manufacture of magnetic and optical media', '26', false),
('27100', 'Manufacture of electric motors,  generators,  transformers and electricity distribution and control apparatus', '27', false),
('27200', 'Manufacture of batteries and accumulators', '27', false),
('27310', 'Manufacture of fibre optic cables', '27', false),
('27320', 'Manufacture of other electronic and electric wires and cables', '27', false),
('27330', 'Manufacture of wiring devices', '27', false),
('27400', 'Manufacture of electric lighting equipment', '27', false),
('27500', 'Manufacture of domestic appliances', '27', false),
('27900', 'Manufacture of other electrical equipment', '27', false),
('28110', 'Manufacture of engines and turbines,  except aircraft,  vehicle and cycle engines', '28', false),
('28120', 'Manufacture of fluid power equipment', '28', false),
('28130', 'Manufacture of other pumps,  compressors,  taps and valves', '28', false),
('28140', 'Manufacture of bearings,  gears,  gearing and driving elements', '28', false),
('28150', 'Manufacture of ovens,  furnaces and furnace burners', '28', false),
('28160', 'Manufacture of lifting and handling equipment', '28', false),
('28170', 'Manufacture of office machinery and equipment (except computers and peripheral equipment)', '28', false),
('28180', 'Manufacture of power-driven hand tools', '28', false),
('28190', 'Manufacture of other general-purpose machinery', '28', false),
('28210', 'Manufacture of agricultural and forestry machinery', '28', false),
('28220', 'Manufacture of metal-forming machinery and machine tools', '28', false),
('28230', 'Manufacture of machinery for metallurgy', '28', false),
('28240', 'Manufacture of machinery for mining,  quarrying and construction', '28', false),
('28250', 'Manufacture of machinery for food,  beverage and tobacco processing', '28', false),
('28260', 'Manufacture of machinery for textile,  apparel and leather production', '28', false),
('28290', 'Manufacture of other special-purpose machinery', '28', false),
('29100', 'Manufacture of motor vehicles', '29', false),
('29200', 'Manufacture of bodies (coachwork) for motor vehicles,  manufacture of trailers and semi-', '29', false),
('29300', 'Manufacture of parts and accessories for motor vehicles', '29', false),
('30110', 'Building of ships and floating structures', '30', false),
('30120', 'Building of pleasure and sporting boats', '30', false),
('30200', 'Manufacture of railway locomotives and rolling stock', '30', false),
('30300', 'Manufacture of air and spacecraft and related machinery', '30', false),
('30400', 'Manufacture of military fighting vehicles', '30', false),
('30910', 'Manufacture of motorcycles', '30', false),
('30920', 'Manufacture of bicycles and invalid carriages', '30', false),
('30990', 'Manufacture of other transport equipment n.e.c.', '30', false),
('31000', 'Manufacture of furniture', '31', false),
('32111', 'Manufacture of jewellery and related articles composed of precious metals,  precious and semi-precious stone and pearls', '32', false),
('32119', 'Other precious and semi-precious stone cutting and polishing', '32', false),
('32120', 'Manufacture of imitation jewellery and related articles', '32', false),
('32200', 'Manufacture of mustandard_industrial_classificational instruments', '32', false),
('32300', 'Manufacture of sports goods', '32', false),
('32400', 'Manufacture of games and toys', '32', false),
('32500', 'Manufacture of medical and dental instruments and supplies', '32', false),
('32901', 'Manufacture of coffins', '32', false),
('32909', 'Other manufacture n.e.c. (except coffins)', '32', false),
('33110', 'Repair of fabricated metal products', '33', false),
('33120', 'Repair of machinery', '33', false),
('33130', 'Repair of electronic and optical equipment', '33', false),
('33140', 'Repair of electrical equipment', '33', false),
('33150', 'Repair of transport equipment,  except motor vehicles', '33', false),
('33190', 'Repair of other equipment', '33', false),
('33200', 'Installation of industrial machinery and equipment', '33', false),
('35101', 'Generation of electricity', '35', false),
('35102', 'Distribution of purchased electric energy only', '35', false),
('35103', 'Generation and/or distribution for own use', '35', false),
('35200', 'Manufacture of gas,  distribution of gaseous fuels through mains', '35', false),
('35300', 'Steam and air conditioning supply', '35', false),
('36000', 'Water collection,  treatment and supply', '36', false),
('38110', 'Collection of non-hazardous waste', '38', false),
('38120', 'Collection of hazardous waste', '38', false),
('38210', 'Treatment and disposal of non-hazardous waste', '38', false),
('38220', 'Treatment and disposal of hazardous waste', '38', false),
('38300', 'Materials recovery', '38', false),
('39000', 'Remediation activities and other waste management services', '39', false),
('41000', 'Construction of buildings', '41', false),
('42100', 'Construction of roads and railways', '42', false),
('42200', 'Construction of utility projects', '42', false),
('42900', 'Construction of other civil engineering projects', '42', false),
('43110', 'Demolition', '43', false),
('43120', 'Site preparation', '43', false),
('43210', 'Electrical installation', '43', false),
('43220', 'Plumbing,  heat and air-conditioning installation', '43', false),
('43290', 'Other construction installation', '43', false),
('43301', 'Painting and decorating', '43', false),
('43302', 'Shop fitting', '43', false),
('43309', 'Other building and completion and finishing', '43', false),
('43901', 'Rental of construction machinery and equipment (with operator)', '43', false),
('43909', 'Other specialized construction activities n.e.c.', '43', false),
('45300', 'Sale of motor vehicle parts and accessories', '45', false),
('45101', 'Wholesale of motor vehicles', '45', false),
('45102', 'Retail of new motor vehicles', '45', false),
('45103', 'Retail sale of used motor vehicles', '45', false),
('45200', 'Maintenance and repair of motor vehicles', '45', false),
('45400', 'Sale,  maintenance and repair of motorcycles and related parts and accessories', '45', false),
('45500', 'Retail of automotive fuel in specialized stores', '45', false),
('46200', 'Wholesale of agricultural raw materials and live animals', '46', false),
('46301', 'Wholesale trade in foodstuffs', '46', false),
('46302', 'Wholesale trade in beverages', '46', false),
('46303', 'Wholesale in tobacco products', '46', false),
('46410', 'Wholesale of textiles,  clothing and footwear', '46', false),
('46100', 'Wholesale on a fee or contract basis', '46', false),
('46491', 'Wholesale trade in household furniture,  requisites and appliances', '46', false),
('46492', 'Wholesale trade in books and stationery', '46', false),
('46493', 'Wholesale trade in pharmaceuticals,  toiletries and medical equipment', '46', false),
('46499', 'Other wholesale trade in other household goods n.e.c.', '46', false),
('46510', 'Wholesale of computers,  computer peripheral equipment and software', '46', false),
('46520', 'Wholesale of electronic and telecommunications equipment and parts', '46', false),
('46530', 'Wholesale of agricultural machinery,  equipment and supplies', '46', false),
('46590', 'Wholesale of other machinery and equipment', '46', false),
('46610', 'Wholesale of solid,  liquid and gaseous fuels and related products', '46', false),
('46621', 'Wholesale of gold', '46', false),
('46629', 'Other wholesale of metals and metal ores', '46', false),
('46630', 'Wholesale of construction materials,  hardware,  plumbing and heating equipment and supplies', '46', false),
('46691', 'Sale of used parts and accessories,  including scrapyards', '46', false),
('46692', 'Wholesale trade in diamonds,  pearls and other precious and semi-precious stones', '46', false),
('46699', 'Other wholesale of waste and scrap and other products n.e.c.', '46', false),
('46900', 'Non-specialised wholesale trade', '46', false),
('47110', 'Retail sale in non-specialized stores with food,  beverages or tobacco predominating', '47', false),
('47190', 'Other retail sale in non-specialized stores', '47', false),
('47211', 'Retail trade in fresh fruit and vegetables', '47', false),
('47212', 'Retail in meat and meat products', '47', false),
('47213', 'Retail trade in bakery products', '47', false),
('47219', 'Other retail sale in specialised stores', '47', false),
('47220', 'Retail sale of beverages in specialised stores', '47', false),
('47230', 'Retail sale of tobacco products in specialised stores', '47', false),
('47310', 'Retail sale of computers,  peripheral units,  software and telecommunications', '47', false),
('47320', 'Retail sale of audio and video equipment in specialised stores', '47', false),
('47410', 'Retail sale of textiles in specialized stores', '47', false),
('47420', 'Retail sale of hardware,  paints and glass in specialized stores', '47', false),
('47430', 'Retail sale of carpets,  rugs,  wall and floor coverings in specialized stores', '47', false),
('47490', 'Retail sale of electrical household appliances,  furniture,  lighting equipment and other', '47', false),
('47510', 'Retail sale of books,  newspapers and stationary in specialized stores', '47', false),
('47520', 'Retail sale of mustandard_industrial_classification and video recordings in specialized stores', '47', false),
('47530', 'Retail sale of sporting equipment in specialized stores', '47', false),
('47540', 'Retail sale of games and toys in specialized stores', '47', false),
('47610', 'Retail sale of clothing,  footwear and leather articles in specialized stores', '47', false),
('47620', 'Retail sale of pharmaceutical and medical goods,  cosmetic and toilet articles in specialized stores', '47', false),
('47631', 'Specialized retail sale of jewellery', '47', false),
('47632', 'Specialized retail sale of watches and clocks', '47', false),
('47639', 'Other retail sale of new goods in specialized stores n.e.c.', '47', false),
('47640', 'Retail sale of second-hand goods', '47', false),
('47710', 'Retail sale via stalls and markets of food,  beverages and tobacco products', '47', false),
('47720', 'Retail sale via stalls and markets of textiles,  clothing and footwear', '47', false),
('47790', 'Retail sale via stalls and markets of other goods', '47', false),
('47810', 'Retail sale via mail order houses or via internet', '47', false),
('47890', 'Other retail sale not in stores,  stalls or markets', '47', false),
('49110', 'Passenger rail transport,  interurban', '49', false),
('49120', 'Freight rail transport', '49', false),
('49210', 'Urban and suburban passenger transport', '49', false),
('49221', 'Minibus Taxi transport', '49', false),
('49222', 'Other Taxi transport (except minibus taxis)', '49', false),
('49223', 'Bus transport', '49', false),
('49229', 'Other passenger land transport n.e.c.', '49', false),
('49230', 'Freight transport by road', '49', false),
('49300', 'Transport via pipeline', '49', false),
('50110', 'Sea and coastal passenger water transport', '50', false),
('50120', 'Sea and coastal freight water transport', '50', false),
('50210', 'Inland passenger water transport', '50', false),
('50220', 'Inland freight water transport', '50', false),
('51100', 'Passenger air transport', '51', false),
('51200', 'Freight air transport', '51', false),
('52100', 'Warehousing and storage', '52', false),
('52211', 'Operation of parking garages and parking lots', '52', false),
('52212', 'Operation of roads and toll roads', '52', false),
('52219', 'Other service activities incidental to land transportation', '52', false),
('52220', 'Service activities incidental to water transportation', '52', false),
('52230', 'Service activities incidental to air transportation', '52', false),
('52240', 'Cargo handling', '52', false),
('52290', 'Other transportation support activities', '52', false),
('53100', 'Postal activities', '53', false),
('53200', 'Courier activities', '53', false),
('55101', 'Short term accommodation activities of hotels and motels', '55', false),
('55102', 'Short term accommodation activities of guesthouses,  bed and breakfast', '55', false),
('55103', 'Short term accommodation activities of pensions,  youth hostels and mountain refuges', '55', false),
('55109', 'Short term accommodation activities of visitor flats and bungalows,  time-share units and holiday homes and other accommodation', '55', false),
('55200', 'Camping grounds,  recreational vehicle parks and trailer parks', '55', false),
('55900', 'Other accommodation', '55', false),
('56101', 'Food service activities of take away counters', '56', false),
('56109', 'Other restaurant and mobile food service activities', '56', false),
('56210', 'Event catering', '56', false),
('56290', 'Other food service activities', '56', false),
('56300', 'Beverage serving activities', '56', false),
('58110', 'Book publishing', '58', false),
('58120', 'Publishing of directories and mailing lists', '58', false),
('58130', 'Publishing of newspapers,  journals and periodicals', '58', false),
('58190', 'Other publishing activities', '58', false),
('58200', 'Software publishing', '58', false),
('59110', 'Motion picture,  video and television programme production activities', '59', false),
('59120', 'Motion picture,  video and television programme post-production activities', '59', false),
('59130', 'Motion picture,  video and television programme distribution activities', '59', false),
('59140', 'Motion picture projection activities', '59', false),
('59200', 'Sound recording and mustandard_industrial_classification publishing activities', '59', false),
('60100', 'Radio broadcasting', '60', false),
('60200', 'Television programming and broadcasting activities', '60', false),
('61100', 'Wired telecommunications activities', '61', false),
('61200', 'Wireless telecommunications activities', '61', false),
('61300', 'Satellite telecommunications activities', '61', false),
('61900', 'Other telecommunications activities', '61', false),
('62010', 'Computer programming activities', '62', false),
('62020', 'Computer consultancy and computer facilities management activities', '62', false),
('62090', 'Other information technology and computer service activities', '62', false),
('63110', 'Data processing,  hosting and related activities', '63', false),
('63120', 'Web portals', '63', false),
('63910', 'News agency activities', '63', false),
('63990', 'Other information service activities n.e.c.', '63', false),
('64110', 'Central banking', '64', false),
('64190', 'Other monetary intermediation', '64', false),
('64200', 'Activities of holding companies', '64', false),
('64300', 'Trusts,  funds and similar financial entities', '64', false),
('64910', 'Financial leasing', '64', false),
('64920', 'Other credit granting', '64', false),
('64990', 'Other financial service activities,  except insurance and pension funding activities n.e.c.', '64', false),
('65110', 'Life insurance', '65', false),
('65121', 'Health insurance', '65', false),
('65122', 'Travel insurance', '65', false),
('65123', 'Transport insurance', '65', false),
('65129', 'Other non-life insurance', '65', false),
('65200', 'Reinsurance', '65', false),
('65300', 'Pension funding', '65', false),
('66290', 'Other activities auxiliary to insurance and pension funding', '66', false),
('66110', 'Administration of financial markets', '66', false),
('66120', 'Security and commodity contracts brokerage', '66', false),
('66190', 'Other activities auxiliary to financial service activities', '66', false),
('66210', 'Risk and damage evaluation', '66', false),
('66220', 'Activities of insurance agents and brokers', '66', false),
('66300', 'Fund management activities', '66', false),
('68100', 'Real estate activities with own or leased property', '68', false),
('68200', 'Real estate activities on a fee or contract basis', '68', false),
('69100', 'Legal activities', '69', false),
('69201', 'Accounting and bookkeeping activities', '69', false),
('69202', 'Auditing activities', '69', false),
('69209', 'Other accounting,  bookkeeping and auditing activities,  tax consultancy', '69', false),
('70100', 'Activities of head offices', '70', false),
('70200', 'Management consultancy activities', '70', false),
('71101', 'Consulting engineering activities', '71', false),
('71102', 'Architectural activities', '71', false),
('71103', 'Activities of quantity surveyors', '71', false),
('71104', 'Activities of land surveyors', '71', false),
('71105', 'Geological and prospecting activities on a fee or contract basis', '71', false),
('71106', 'Activities of non-registered architects,  e.g. tracers and draughtsmen', '71', false),
('71109', 'Other architectural and engineering activities and related technical consultancy', '71', false),
('71200', 'Technical testing and analysis', '71', false),
('72100', 'Research and experimental development on natural sciences and engineering', '72', false),
('72200', 'Research and experimental development on social sciences and humanities', '72', false),
('73100', 'Advertising', '73', false),
('73200', 'Market research and public opinion polling', '73', false),
('74100', 'Specialized design activities', '74', false),
('74200', 'Photographic activities', '74', false),
('74900', 'Other professional,  scientific and technical activities n.e.c.', '74', false),
('75000', 'Veterinary activities', '75', false),
('77100', 'Renting and leasing of motor vehicles (without driver)', '77', false),
('77210', 'Renting and leasing of recreational and sports goods', '77', false),
('77220', 'Renting of video tapes and disks', '77', false),
('77290', 'Renting and leasing of other personal and household goods', '77', false),
('77301', 'Renting of land transport equipment', '77', false),
('77302', 'Renting of water transport equipment', '77', false),
('77303', 'Renting of air transport equipment', '77', false),
('77304', 'Renting of agricultural machinery and equipment', '77', false),
('77305', 'Renting of construction and civil engineering machinery and equipment', '77', false),
('77306', 'Renting of office machinery and equipment', '77', false),
('77309', 'Renting and leasing of other machinery,  equipment and tangible goods n.e.c.', '77', false),
('77400', 'Leasing of intellectual property and similar products,  except copyrighted works', '77', false),
('78100', 'Activities of employment placement agencies', '78', false),
('78200', 'Temporary employment agency activities', '78', false),
('78300', 'Other human resources provision', '78', false),
('79110', 'Travel agency activities', '79', false),
('79120', 'Tour operator activities', '79', false),
('79900', 'Other reservation service and related activities', '79', false),
('80100', 'Private security activities', '80', false),
('80200', 'Security systems service activities', '80', false),
('80300', 'Investigation activities', '80', false),
('81100', 'Combined facilities support activities', '81', false),
('81210', 'General cleaning of buildings', '81', false),
('81290', 'Other building and industrial cleaning activities', '81', false),
('81300', 'Landscape care and maintenance service activities', '81', false),
('82110', 'Combined office administrative service activities', '82', false),
('82190', 'Photocopying,  document preparation and other specialized office support activities', '82', false),
('82200', 'Activities of call centres', '82', false),
('82300', 'Organization of conventions and trade shows', '82', false),
('82910', 'Activities of collection agencies and credit bureaus', '82', false),
('82920', 'Packaging activities', '82', false),
('82990', 'Other business support service activities n.e.c.', '82', false),
('85210', 'General secondary education', '85', false),
('85102', 'Primary education', '85', false),
('85101', 'Pre-primary education and activities of after-school centres', '85', false),
('85500', 'Educational support activities', '85', false),
('85490', 'Other education n.e.c.', '85', false),
('85420', 'Cultural education', '85', false),
('85410', 'Sports and recreation education', '85', false),
('85300', 'Higher education', '85', false),
('85220', 'Technical and vocational secondary education', '85', false),
('86100', 'Hospital activities', '86', false),
('86900', 'Other human health activities', '86', false),
('86209', 'Other medical and dental practice activities', '86', false),
('86202', 'Dentist and specialist dentist activities', '86', false),
('86201', 'Medical practitioner- and specialist activities', '86', false),
('87100', 'Residential nursing care facilities', '87', false),
('87900', 'Other residential care activities', '87', false),
('87300', 'Residential care activities for the elderly and disabled', '87', false),
('87200', 'Residential care activities for mental retardation,  mental health and substance abuse', '87', false),
('88900', 'Other social work activities without accommodation', '88', false),
('88100', 'Social work activities without accommodation for the elderly and disabled', '88', false),
('90000', 'Creative,  arts and entertainment activities', '90', false),
('91020', 'Museums activities and operation of historical sites and buildings', '91', false),
('91010', 'Library and archives activities', '91', false),
('91030', 'Botanical and zoological gardens and nature reserves activities', '91', false),
('92000', 'Gambling and betting activities', '92', false),
('93190', 'Other sports activities', '93', false),
('93210', 'Activities of amusement parks and theme parks', '93', false),
('93290', 'Other amusement and recreation activities n.e.c.', '93', false),
('93110', 'Operation of sports facilities', '93', false),
('93120', 'Activities of sports clubs', '93', false),
('94200', 'Activities of trade unions', '94', false),
('94920', 'Activities of political organizations', '94', false),
('94990', 'Activities of other membership organizations n.e.c.', '94', false),
('94110', 'Activities of business and employers membership organizations', '94', false),
('94120', 'Activities of professional membership organizations', '94', false),
('94910', 'Activities of religious organizations', '94', false),
('95220', 'Repair of household appliances and home and garden equipment', '95', false),
('95240', 'Repair of furniture and home furnishings', '95', false),
('95290', 'Repair of other personal and household goods', '95', false),
('95230', 'Repair of footwear and leather goods', '95', false),
('95210', 'Repair of consumer electronics', '95', false),
('95120', 'Repair of communication equipment', '95', false),
('95110', 'Repair of computers and peripheral equipment', '95', false),
('96090', 'Other personal service activities n.e.c.', '96', false),
('96010', 'Washing and (dry-) cleaning of textile- and fur products', '96', false),
('96021', 'Hairdressing', '96', false),
('96022', 'Beauty treatment', '96', false),
('96030', 'Funeral and related activities', '96', false),
('97000', 'Activities of households as employers of domestic personnel', '97', false),
('98100', 'Undifferentiated goods-producing activities of private households for own use', '98', false),
('98200', 'Undifferentiated service-producing activities of private households for own use', '98', false),
('99014', 'Unemployed people,  people seeking work,  etc.', '99', false),
('99011', 'Activities of extraterritorial organizations and bodies', '99', false),
('99012', 'Representatives of foreign countries', '99', false),
('99013', 'Not economically active people,  beggars,  people living from hand-outs and charity,  etc.', '99', false),
('84300', 'Compulsory social security activities', '84', true),
('84111', 'General public administration at National Government level', '84', true),
('84112', 'General public administration at Provincial Government level', '84', true),
('84113', 'General public administration at Local Government level', '84', true),
('84121', 'Regulation of the activities of providing health care, education, cultural services and other social services, excluding social security at National Government level', '84', true),
('84122', 'Regulation of the activities of providing health care, education, cultural services and other social services, excluding social security at Provincial Government level', '84', true),
('84123', 'Regulation of the activities of providing health care, education, cultural services and other social services, excluding social security at Local Government level', '84', true),
('84131', 'Regulation of and contribution to more efficient operation of businesses at National Government level', '84', true),
('84132', 'Regulation of and contribution to more efficient operation of businesses at Provincial Government level', '84', true),
('84133', 'Regulation of and contribution to more efficient operation of businesses at Local Government level', '84', true),
('84140', 'Extra budgetary account n.e.c.', '84', true),
('84210', 'Foreign affairs', '84', true),
('84220', 'Defence activities', '84', true),
('84231', 'Public order and safety activities at National Government level', '84', true),
('84232', 'Public order and safety activities at Provincial Government level', '84', true),
('84233', 'Public order and safety activities at Local Government level', '84', true);


--
-- Insert countries
--

INSERT INTO countries (code, alpha_2_code, name, nationality) VALUES
('AFG', 'AF', 'Afghanistan', 'Afghan'),
('ALA', 'AX', 'Åland Islands', 'Åland Island'),
('ALB', 'AL', 'Albania', 'Albanian'),
('DZA', 'DZ', 'Algeria', 'Algerian'),
('ASM', 'AS', 'American Samoa', 'American Samoan'),
('AND', 'AD', 'Andorra', 'Andorran'),
('AGO', 'AO', 'Angola', 'Angolan'),
('AIA', 'AI', 'Anguilla', 'Anguillan'),
('ATA', 'AQ', 'Antarctica', 'Antarctic'),
('ATG', 'AG', 'Antigua and Barbuda', 'Antiguan or Barbudan'),
('ARG', 'AR', 'Argentina', 'Argentine'),
('ARM', 'AM', 'Armenia', 'Armenian'),
('ABW', 'AW', 'Aruba', 'Aruban'),
('AUS', 'AU', 'Australia', 'Australian'),
('AUT', 'AT', 'Austria', 'Austrian'),
('AZE', 'AZ', 'Azerbaijan', 'Azerbaijani, Azeri'),
('BHS', 'BS', 'Bahamas', 'Bahamian'),
('BHR', 'BH', 'Bahrain', 'Bahraini'),
('BGD', 'BD', 'Bangladesh', 'Bangladeshi'),
('BRB', 'BB', 'Barbados', 'Barbadian'),
('BLR', 'BY', 'Belarus', 'Belarusian'),
('BEL', 'BE', 'Belgium', 'Belgian'),
('BLZ', 'BZ', 'Belize', 'Belizean'),
('BEN', 'BJ', 'Benin', 'Beninese, Beninois'),
('BMU', 'BM', 'Bermuda', 'Bermudian, Bermudan'),
('BTN', 'BT', 'Bhutan', 'Bhutanese'),
('BOL', 'BO', 'Bolivia (Plurinational State of)', 'Bolivian'),
('BES', 'BQ', 'Bonaire, Sint Eustatius and Saba', 'Bonaire'),
('BIH', 'BA', 'Bosnia and Herzegovina', 'Bosnian or Herzegovinian'),
('BWA', 'BW', 'Botswana', 'Motswana, Botswanan'),
('BVT', 'BV', 'Bouvet Island', 'Bouvet Island'),
('BRA', 'BR', 'Brazil', 'Brazilian'),
('IOT', 'IO', 'British Indian Ocean Territory', 'BIOT'),
('BRN', 'BN', 'Brunei Darussalam', 'Bruneian'),
('BGR', 'BG', 'Bulgaria', 'Bulgarian'),
('BFA', 'BF', 'Burkina Faso', 'Burkinabé'),
('BDI', 'BI', 'Burundi', 'Burundian'),
('CPV', 'CV', 'Cabo Verde', 'Cabo Verdean'),
('KHM', 'KH', 'Cambodia', 'Cambodian'),
('CMR', 'CM', 'Cameroon', 'Cameroonian'),
('CAN', 'CA', 'Canada', 'Canadian'),
('CYM', 'KY', 'Cayman Islands', 'Caymanian'),
('CAF', 'CF', 'Central African Republic', 'Central African'),
('TCD', 'TD', 'Chad', 'Chadian'),
('CHL', 'CL', 'Chile', 'Chilean'),
('CHN', 'CN', 'China', 'Chinese'),
('CXR', 'CX', 'Christmas Island', 'Christmas Island'),
('CCK', 'CC', 'Cocos (Keeling) Islands', 'Cocos Island'),
('COL', 'CO', 'Colombia', 'Colombian'),
('COM', 'KM', 'Comoros', 'Comoran, Comorian'),
('COD', 'CD', 'Congo (Democratic Republic of the)', 'Congolese (DRC)'),
('COG', 'CG', 'Congo (Republic of the)', 'Congolese (ROC)'),
('COK', 'CK', 'Cook Islands', 'Cook Island'),
('CRI', 'CR', 'Costa Rica', 'Costa Rican'),
('CIV', 'CI', 'Côte d''Ivoire', 'Ivorian'),
('HRV', 'HR', 'Croatia', 'Croatian'),
('CUB', 'CU', 'Cuba', 'Cuban'),
('CUW', 'CW', 'Curaçao', 'Curaçaoan'),
('CYP', 'CY', 'Cyprus', 'Cypriot'),
('CZE', 'CZ', 'Czech Republic', 'Czech'),
('DNK', 'DK', 'Denmark', 'Danish'),
('DJI', 'DJ', 'Djibouti', 'Djiboutian'),
('DMA', 'DM', 'Dominica', 'Dominican (Dominica)'),
('DOM', 'DO', 'Dominican Republic', 'Dominican (Dominican Republic)'),
('ECU', 'EC', 'Ecuador', 'Ecuadorian'),
('EGY', 'EG', 'Egypt', 'Egyptian'),
('SLV', 'SV', 'El Salvador', 'Salvadoran'),
('GNQ', 'GQ', 'Equatorial Guinea', 'Equatorial Guinean, Equatoguinean'),
('ERI', 'ER', 'Eritrea', 'Eritrean'),
('EST', 'EE', 'Estonia', 'Estonian'),
('ETH', 'ET', 'Ethiopia', 'Ethiopian'),
('FLK', 'FK', 'Falkland Islands (Malvinas)', 'Falkland Island'),
('FRO', 'FO', 'Faroe Islands', 'Faroese'),
('FJI', 'FJ', 'Fiji', 'Fijian'),
('FIN', 'FI', 'Finland', 'Finnish'),
('FRA', 'FR', 'France', 'French'),
('GUF', 'GF', 'French Guiana', 'French Guianese'),
('PYF', 'PF', 'French Polynesia', 'French Polynesian'),
('ATF', 'TF', 'French Southern Territories', 'French Southern Territories'),
('GAB', 'GA', 'Gabon', 'Gabonese'),
('GMB', 'GM', 'Gambia', 'Gambian'),
('GEO', 'GE', 'Georgia', 'Georgian'),
('DEU', 'DE', 'Germany', 'German'),
('GHA', 'GH', 'Ghana', 'Ghanaian'),
('GIB', 'GI', 'Gibraltar', 'Gibraltar'),
('GRC', 'GR', 'Greece', 'Greek, Hellenic'),
('GRL', 'GL', 'Greenland', 'Greenlandic'),
('GRD', 'GD', 'Grenada', 'Grenadian'),
('GLP', 'GP', 'Guadeloupe', 'Guadeloupe'),
('GUM', 'GU', 'Guam', 'Guamanian, Guambat'),
('GTM', 'GT', 'Guatemala', 'Guatemalan'),
('GGY', 'GG', 'Guernsey', 'Channel Island (Guernsey)'),
('GIN', 'GN', 'Guinea', 'Guinean'),
('GNB', 'GW', 'Guinea-Bissau', 'Bissau-Guinean'),
('GUY', 'GY', 'Guyana', 'Guyanese'),
('HTI', 'HT', 'Haiti', 'Haitian'),
('HMD', 'HM', 'Heard Island and McDonald Islands', 'Heard Island or McDonald Islands'),
('HND', 'HN', 'Honduras', 'Honduran'),
('HKG', 'HK', 'Hong Kong', 'Hong Kong, Hong Kongese'),
('HUN', 'HU', 'Hungary', 'Hungarian, Magyar'),
('ISL', 'IS', 'Iceland', 'Icelandic'),
('IND', 'IN', 'India', 'Indian'),
('IDN', 'ID', 'Indonesia', 'Indonesian'),
('IRN', 'IR', 'Iran', 'Iranian, Persian'),
('IRQ', 'IQ', 'Iraq', 'Iraqi'),
('IRL', 'IE', 'Ireland', 'Irish'),
('IMN', 'IM', 'Isle of Man', 'Manx'),
('ISR', 'IL', 'Israel', 'Israeli'),
('ITA', 'IT', 'Italy', 'Italian'),
('JAM', 'JM', 'Jamaica', 'Jamaican'),
('JPN', 'JP', 'Japan', 'Japanese'),
('JEY', 'JE', 'Jersey', 'Channel Island (Jersey)'),
('JOR', 'JO', 'Jordan', 'Jordanian'),
('KAZ', 'KZ', 'Kazakhstan', 'Kazakhstani, Kazakh'),
('KEN', 'KE', 'Kenya', 'Kenyan'),
('KIR', 'KI', 'Kiribati', 'I-Kiribati'),
('PRK', 'KP', 'Korea (Democratic People''s Republic of)', 'North Korean'),
('KOR', 'KR', 'Korea (Republic of)', 'South Korean'),
('KWT', 'KW', 'Kuwait', 'Kuwaiti'),
('KGZ', 'KG', 'Kyrgyzstan', 'Kyrgyzstani, Kyrgyz, Kirgiz, Kirghiz'),
('LAO', 'LA', 'Lao People''s Democratic Republic', 'Lao, Laotian'),
('LVA', 'LV', 'Latvia', 'Latvian'),
('LBN', 'LB', 'Lebanon', 'Lebanese'),
('LSO', 'LS', 'Lesotho', 'Basotho'),
('LBR', 'LR', 'Liberia', 'Liberian'),
('LBY', 'LY', 'Libya', 'Libyan'),
('LIE', 'LI', 'Liechtenstein', 'Liechtenstein'),
('LTU', 'LT', 'Lithuania', 'Lithuanian'),
('LUX', 'LU', 'Luxembourg', 'Luxembourg, Luxembourgish'),
('MAC', 'MO', 'Macao', 'Macanese, Chinese'),
('MKD', 'MK', 'Macedonia (the former Yugoslav Republic of)', 'Macedonian'),
('MDG', 'MG', 'Madagascar', 'Malagasy'),
('MWI', 'MW', 'Malawi', 'Malawian'),
('MYS', 'MY', 'Malaysia', 'Malaysian'),
('MDV', 'MV', 'Maldives', 'Maldivian'),
('MLI', 'ML', 'Mali', 'Malian, Malinese'),
('MLT', 'MT', 'Malta', 'Maltese'),
('MHL', 'MH', 'Marshall Islands', 'Marshallese'),
('MTQ', 'MQ', 'Martinique', 'Martiniquais, Martinican'),
('MRT', 'MR', 'Mauritania', 'Mauritanian'),
('MUS', 'MU', 'Mauritius', 'Mauritian'),
('MYT', 'YT', 'Mayotte', 'Mahoran'),
('MEX', 'MX', 'Mexico', 'Mexican'),
('FSM', 'FM', 'Micronesia (Federated States of)', 'Micronesian'),
('MDA', 'MD', 'Moldova (Republic of)', 'Moldovan'),
('MCO', 'MC', 'Monaco', 'Monégasque, Monacan'),
('MNG', 'MN', 'Mongolia', 'Mongolian'),
('MNE', 'ME', 'Montenegro', 'Montenegrin'),
('MSR', 'MS', 'Montserrat', 'Montserratian'),
('MAR', 'MA', 'Morocco', 'Moroccan'),
('MOZ', 'MZ', 'Mozambique', 'Mozambican'),
('MMR', 'MM', 'Myanmar', 'Burmese'),
('NAM', 'NA', 'Namibia', 'Namibian'),
('NRU', 'NR', 'Nauru', 'Nauruan'),
('NPL', 'NP', 'Nepal', 'Nepali, Nepalese'),
('NLD', 'NL', 'Netherlands', 'Dutch, Netherlandic'),
('NCL', 'NC', 'New Caledonia', 'New Caledonian'),
('NZL', 'NZ', 'New Zealand', 'New Zealand, NZ'),
('NIC', 'NI', 'Nicaragua', 'Nicaraguan'),
('NER', 'NE', 'Niger', 'Nigerien'),
('NGA', 'NG', 'Nigeria', 'Nigerian'),
('NIU', 'NU', 'Niue', 'Niuean'),
('NFK', 'NF', 'Norfolk Island', 'Norfolk Island'),
('MNP', 'MP', 'Northern Mariana Islands', 'Northern Marianan'),
('NOR', 'NO', 'Norway', 'Norwegian'),
('OMN', 'OM', 'Oman', 'Omani'),
('PAK', 'PK', 'Pakistan', 'Pakistani'),
('PLW', 'PW', 'Palau', 'Palauan'),
('PSE', 'PS', 'Palestine, State of', 'Palestinian'),
('PAN', 'PA', 'Panama', 'Panamanian'),
('PNG', 'PG', 'Papua New Guinea', 'Papua New Guinean, Papuan'),
('PRY', 'PY', 'Paraguay', 'Paraguayan'),
('PER', 'PE', 'Peru', 'Peruvian'),
('PHL', 'PH', 'Philippines', 'Philippine, Filipino'),
('PCN', 'PN', 'Pitcairn', 'Pitcairn Island'),
('POL', 'PL', 'Poland', 'Polish'),
('PRT', 'PT', 'Portugal', 'Portuguese'),
('PRI', 'PR', 'Puerto Rico', 'Puerto Rican'),
('QAT', 'QA', 'Qatar', 'Qatari'),
('REU', 'RE', 'Réunion', 'Réunionese, Réunionnais'),
('ROU', 'RO', 'Romania', 'Romanian'),
('RUS', 'RU', 'Russian Federation', 'Russian'),
('RWA', 'RW', 'Rwanda', 'Rwandan'),
('BLM', 'BL', 'Saint Barthélemy', 'Barthélemois'),
('SHN', 'SH', 'Saint Helena, Ascension and Tristan da Cunha', 'Saint Helenian'),
('KNA', 'KN', 'Saint Kitts and Nevis', 'Kittitian or Nevisian'),
('LCA', 'LC', 'Saint Lucia', 'Saint Lucian'),
('MAF', 'MF', 'Saint Martin (French part)', 'Saint-Martinoise'),
('SPM', 'PM', 'Saint Pierre and Miquelon', 'Saint-Pierrais or Miquelonnais'),
('VCT', 'VC', 'Saint Vincent and the Grenadines', 'Saint Vincentian, Vincentian'),
('WSM', 'WS', 'Samoa', 'Samoan'),
('SMR', 'SM', 'San Marino', 'Sammarinese'),
('STP', 'ST', 'Sao Tome and Principe', 'São Toméan'),
('SAU', 'SA', 'Saudi Arabia', 'Saudi, Saudi Arabian'),
('SEN', 'SN', 'Senegal', 'Senegalese'),
('SRB', 'RS', 'Serbia', 'Serbian'),
('SYC', 'SC', 'Seychelles', 'Seychellois'),
('SLE', 'SL', 'Sierra Leone', 'Sierra Leonean'),
('SGP', 'SG', 'Singapore', 'Singaporean'),
('SXM', 'SX', 'Sint Maarten (Dutch part)', 'Sint Maarten'),
('SVK', 'SK', 'Slovakia', 'Slovak'),
('SVN', 'SI', 'Slovenia', 'Slovenian, Slovene'),
('SLB', 'SB', 'Solomon Islands', 'Solomon Island'),
('SOM', 'SO', 'Somalia', 'Somali, Somalian'),
('ZAF', 'ZA', 'South Africa', 'South African'),
('SGS', 'GS', 'South Georgia and the South Sandwich Islands', 'South Georgia or South Sandwich Islands'),
('SSD', 'SS', 'South Sudan', 'South Sudanese'),
('ESP', 'ES', 'Spain', 'Spanish'),
('LKA', 'LK', 'Sri Lanka', 'Sri Lankan'),
('SDN', 'SD', 'Sudan', 'Sudanese'),
('SUR', 'SR', 'Suriname', 'Surinamese'),
('SJM', 'SJ', 'Svalbard and Jan Mayen', 'Svalbard'),
('SWZ', 'SZ', 'Swaziland', 'Swazi'),
('SWE', 'SE', 'Sweden', 'Swedish'),
('CHE', 'CH', 'Switzerland', 'Swiss'),
('SYR', 'SY', 'Syrian Arab Republic', 'Syrian'),
('TWN', 'TW', 'Taiwan, Province of China', 'Chinese, Taiwanese'),
('TJK', 'TJ', 'Tajikistan', 'Tajikistani'),
('TZA', 'TZ', 'Tanzania, United Republic of', 'Tanzanian'),
('THA', 'TH', 'Thailand', 'Thai'),
('TLS', 'TL', 'Timor-Leste', 'Timorese'),
('TGO', 'TG', 'Togo', 'Togolese'),
('TKL', 'TK', 'Tokelau', 'Tokelauan'),
('TON', 'TO', 'Tonga', 'Tongan'),
('TTO', 'TT', 'Trinidad and Tobago', 'Trinidadian or Tobagonian'),
('TUN', 'TN', 'Tunisia', 'Tunisian'),
('TUR', 'TR', 'Turkey', 'Turkish'),
('TKM', 'TM', 'Turkmenistan', 'Turkmen'),
('TCA', 'TC', 'Turks and Caicos Islands', 'Turks and Caicos Island'),
('TUV', 'TV', 'Tuvalu', 'Tuvaluan'),
('UGA', 'UG', 'Uganda', 'Ugandan'),
('UKR', 'UA', 'Ukraine', 'Ukrainian'),
('ARE', 'AE', 'United Arab Emirates', 'Emirati, Emirian, Emiri'),
('GBR', 'GB', 'United Kingdom of Great Britain and Northern Ireland', 'British, UK'),
('UMI', 'UM', 'United States Minor Outlying Islands', 'American (Minor Outlying Islands)'),
('USA', 'US', 'United States of America', 'American'),
('URY', 'UY', 'Uruguay', 'Uruguayan'),
('UZB', 'UZ', 'Uzbekistan', 'Uzbekistani, Uzbek'),
('VUT', 'VU', 'Vanuatu', 'Ni-Vanuatu, Vanuatuan'),
('VAT', 'VA', 'Vatican City State', 'Vatican'),
('VEN', 'VE', 'Venezuela (Bolivarian Republic of)', 'Venezuelan'),
('VNM', 'VN', 'Vietnam', 'Vietnamese'),
('VGB', 'VG', 'Virgin Islands (British)', 'British Virgin Island'),
('VIR', 'VI', 'Virgin Islands (U.S.)', 'U.S. Virgin Island'),
('WLF', 'WF', 'Wallis and Futuna', 'Wallis and Futuna, Wallisian or Futunan'),
('ESH', 'EH', 'Western Sahara', 'Sahrawi, Sahrawian, Sahraouian'),
('YEM', 'YE', 'Yemen', 'Yemeni'),
('ZMB', 'ZM', 'Zambia', 'Zambian'),
('ZWE', 'ZW', 'Zimbabwe', 'Zimbabwean');